keystrokes_per_sec,clicks_per_sec,app_switches,app_entropy,idle_time_ratio,productive_app_ratio,distraction_app_ratio,keystroke_burst_score,click_burst_score,app_switch_frequency,keystroke_variance,click_variance,keystroke_click_ratio,idle_transitions,app_focus_duration,context_switch_cost,label
0.23333333333333334,0.1,3.0,0.0,0.36000000000000004,0.0,0.21428571428571427,0.43152928595253304,0.01707867372898805,0.1,0.7563921307471003,0.09245254532972069,0.7,1.0,21.450212001800537,0.21428571428571427,0
0.23333333333333334,0.1,4.0,0.0,0.36000000000000004,0.0,0.2,0.43152928595253304,0.01707867372898805,0.13333333333333333,0.7563921307471003,0.09245254532972069,0.7,1.0,22.03058624267578,0.26666666666666666,0
0.23333333333333334,0.1,4.0,0.0,0.36000000000000004,0.0,0.2,0.43152928595253304,0.01707867372898805,0.13333333333333333,0.7563921307471003,0.09245254532972069,0.7,1.0,22.03058624267578,0.26666666666666666,0
0.23333333333333334,0.13333333333333333,4.0,0.0,0.0,0.0,0.2,0.43152928595253304,0.026972996560904575,0.13333333333333333,0.7563921307471003,0.2466319574775121,0.6363636363636364,0.0,27.617650985717773,0.26666666666666666,1
0.23333333333333334,0.1,3.0,0.0,0.36333333333333334,0.0,0.14285714285714285,0.43152928595253304,0.0330349035503668,0.1,0.7563921307471003,0.3699479319411694,0.7,1.0,29.272706747055054,0.21428571428571427,1
0.0,0.06666666666666667,2.0,0.0,1.0,0.0,0.3333333333333333,0.0,0.0,0.06666666666666667,0.0,0.0,0.0,2.0,29.950174570083618,0.3333333333333333,1
0.0,0.06666666666666667,2.0,0.0,1.0,0.0,0.3333333333333333,0.0,0.0,0.06666666666666667,0.0,0.0,0.0,2.0,29.950174570083618,0.3333333333333333,1
0.0,0.13333333333333333,2.0,0.0,0.36333333333333334,0.0,0.42857142857142855,0.0,0.406128389420785,0.06666666666666667,0.0,46.33743459844317,0.0,1.0,25.14165735244751,0.2857142857142857,1
0.0,0.13333333333333333,3.0,0.0,0.36333333333333334,0.0,0.375,0.0,0.406128389420785,0.1,0.0,46.33743459844317,0.0,1.0,25.432891368865967,0.375,1
0.0,0.16666666666666666,3.0,0.0,0.36333333333333334,0.0,0.4444444444444444,0.0,0.4281731613999609,0.1,0.0,38.55433213307357,0.0,1.0,29.003282070159912,0.3333333333333333,1
0.0,0.16666666666666666,4.0,0.0,0.36333333333333334,0.0,0.4,0.0,0.4176985891350294,0.13333333333333333,0.0,37.5761423243093,0.0,1.0,29.351012229919434,0.4,1
0.2,0.26666666666666666,3.0,0.0,0.7233333333333333,0.5263157894736842,0.3684210526315789,0.40585566510209004,0.6112000039887513,0.1,0.8884744585935778,13.554896603533255,0.42857142857142855,2.0,23.116246223449707,0.15789473684210525,0
0.2,0.26666666666666666,4.0,0.0,0.7233333333333333,0.5,0.35,0.40585566510209004,0.6112000039887513,0.13333333333333333,0.8884744585935778,13.554896603533255,0.42857142857142855,2.0,24.02625060081482,0.2,0
0.0,0.03333333333333333,0.0,0.0,1.0,0.0,0.25,0.0,0.0,0.0,0.0,0.0,0.0,3.0,21.313357830047607,0.0,1
0.0,0.3333333333333333,6.0,1.8726696380501495,0.3466666666666667,0.35294117647058826,0.17647058823529413,0.0,0.613818365374826,0.2,0.0,14.620707011671783,0.0,1.0,11.756430566310883,0.35294117647058826,1
0.0,0.3333333333333333,6.0,1.8726696380501495,0.3466666666666667,0.35294117647058826,0.17647058823529413,0.0,0.613818365374826,0.2,0.0,14.620707011671783,0.0,1.0,11.756430566310883,0.35294117647058826,1
0.0,0.3333333333333333,6.0,1.8726696380501495,0.3466666666666667,0.35294117647058826,0.17647058823529413,0.0,0.613818365374826,0.2,0.0,14.620707011671783,0.0,1.0,11.756430566310883,0.35294117647058826,1
0.5333333333333333,0.1,1.0,0.2761954276479391,0.33666666666666667,0.9523809523809523,0.0,1.0,0.38405761030262875,0.03333333333333333,0.9270248375914114,57.65982134522716,0.8421052631578947,1.0,22.943516492843628,0.047619047619047616,0
2.3333333333333335,0.13333333333333333,1.0,0.17738945318599736,0.0,0.9733333333333334,0.0,0.5602219735990317,0.22824915633808396,0.03333333333333333,0.11339557891136749,2.2122979786363937,0.9459459459459459,0.0,14.41792094707489,0.013333333333333334,0
1.9,0.03333333333333333,0.0,0.0,0.33999999999999997,1.0,0.0,0.4884596484420385,0.0,0.0,0.08483301645684063,0.0,0.9827586206896551,1.0,29.236433267593384,0.0,0
1.9,0.03333333333333333,1.0,0.1222915970693747,0.33999999999999997,0.9833333333333333,0.0,0.4884596484420385,0.0,0.03333333333333333,0.08483301645684063,0.0,0.9827586206896551,1.0,29.236433267593384,0.016666666666666666,0
0.3333333333333333,0.13333333333333333,1.0,0.5032583347756457,1.0,0.8888888888888888,0.0,0.8985118247650765,0.5699572634124139,0.03333333333333333,0.02103132483912557,121.2859512142337,0.7142857142857143,3.0,14.220858097076416,0.05555555555555555,0
0.3333333333333333,0.13333333333333333,1.0,0.5225593745369408,1.0,0.8823529411764706,0.0,0.8985118247650765,0.1650462754572824,0.03333333333333333,0.02103132483912557,0.4067794178198483,0.7142857142857143,2.0,9.696486949920654,0.058823529411764705,0
0.0,0.23333333333333334,5.0,0.0,0.3433333333333334,0.0,0.38461538461538464,0.0,0.5310929221691147,0.16666666666666666,0.0,27.306333576486526,0.0,1.0,29.51769471168518,0.38461538461538464,1
0.0,0.2,6.0,0.0,0.3433333333333334,0.0,0.38461538461538464,0.0,0.5375080011072961,0.2,0.0,32.0476065284303,0.0,1.0,28.64842653274536,0.46153846153846156,1
0.0,0.23333333333333334,5.0,0.0,0.0,0.0,0.4166666666666667,0.0,0.19304573199590686,0.16666666666666666,0.0,2.4068829236274007,0.0,0.0,24.10951828956604,0.4166666666666667,1
0.0,0.26666666666666666,5.0,0.0,0.0,0.0,0.38461538461538464,0.0,0.19646919717474562,0.16666666666666666,0.0,2.2686163922891622,0.0,0.0,26.83206558227539,0.38461538461538464,1
0.06666666666666667,0.23333333333333334,4.0,0.863120568566631,0.35,0.2857142857142857,0.2857142857142857,0.0,0.5186178746227036,0.13333333333333333,0.0,20.10917003695366,0.2222222222222222,1.0,20.789088129997253,0.2857142857142857,1
0.06666666666666667,0.23333333333333334,5.0,0.8366407419411673,0.35,0.26666666666666666,0.26666666666666666,0.0,0.5186178746227036,0.16666666666666666,0.0,20.10917003695366,0.2222222222222222,1.0,21.209826707839966,0.3333333333333333,1
0.0,0.4,8.0,0.0,0.0,0.0,0.65,0.0,0.2721550332952801,0.26666666666666666,0.0,2.1149072094648655,0.0,0.0,29.55535650253296,0.4,1
0.03333333333333333,0.3333333333333333,3.0,0.0,0.0,0.0,0.7857142857142857,0.0,0.21694432848008435,0.1,0.0,1.8503492122834915,0.09090909090909091,0.0,28.215715169906616,0.21428571428571427,1
0.03333333333333333,0.3333333333333333,3.0,0.0,0.0,0.0,0.7142857142857143,0.0,0.20743576096147753,0.1,0.0,1.791841760983572,0.09090909090909091,0.0,29.038803100585938,0.21428571428571427,1
0.03333333333333333,0.3333333333333333,3.0,0.0,0.0,0.0,0.7142857142857143,0.0,0.20743576096147753,0.1,0.0,1.791841760983572,0.09090909090909091,0.0,29.038803100585938,0.21428571428571427,1
0.0,0.1,3.0,0.0,0.0,0.0,0.3333333333333333,0.0,0.1888188622251045,0.1,0.0,0.8043807455947558,0.0,0.0,6.037868976593018,0.5,1
0.0,0.3,8.0,0.0,0.0,0.0,0.5294117647058824,0.0,0.22241785609877432,0.26666666666666666,0.0,1.1155871449483348,0.0,0.0,20.084246158599854,0.47058823529411764,1
0.0,0.3,8.0,0.0,0.0,0.0,0.5294117647058824,0.0,0.22241785609877432,0.26666666666666666,0.0,1.1155871449483348,0.0,0.0,20.084246158599854,0.47058823529411764,1
0.0,0.3,7.0,0.0,0.36333333333333334,0.0,0.5294117647058824,0.0,0.22241785609877432,0.23333333333333334,0.0,1.1155871449483348,0.0,1.0,29.848407745361328,0.4117647058823529,1
0.1,0.2,4.0,0.0,0.36333333333333334,0.14285714285714285,0.14285714285714285,0.23718990844408766,0.31758987405121086,0.13333333333333333,0.031164104806308046,5.13614373078939,0.3333333333333333,1.0,20.69448685646057,0.2857142857142857,1
0.1,0.2,5.0,0.0,0.36333333333333334,0.13333333333333333,0.13333333333333333,0.23718990844408766,0.31758987405121086,0.16666666666666666,0.031164104806308046,5.13614373078939,0.3333333333333333,1.0,21.13098454475403,0.3333333333333333,1
0.1,0.2,5.0,0.0,0.36333333333333334,0.13333333333333333,0.13333333333333333,0.23718990844408766,0.31758987405121086,0.16666666666666666,0.031164104806308046,5.13614373078939,0.3333333333333333,1.0,21.13098454475403,0.3333333333333333,1
3.1666666666666665,0.06666666666666667,1.0,0.08214305133815328,0.0,0.9897959183673469,0.0,0.9315176644134695,0.0,0.03333333333333333,0.24572410602252986,0.0,0.979381443298969,0.0,29.349316835403442,0.01020408163265306,0
2.8666666666666667,0.1,1.0,0.1537421803287619,0.0,0.9777777777777777,0.0,0.9680176814947014,0.13625015547637015,0.03333333333333333,0.2685158788751135,0.36239926129555045,0.9662921348314607,0.0,14.764828205108643,0.011111111111111112,0
0.0,0.13333333333333333,3.0,1.2987949406953985,0.35,0.625,0.0,0.0,0.3914616000247534,0.1,0.0,51.34936690438226,0.0,1.0,17.324550986289978,0.375,0
0.0,0.13333333333333333,3.0,1.2987949406953985,0.35,0.625,0.0,0.0,0.3914616000247534,0.1,0.0,51.34936690438226,0.0,1.0,17.324550986289978,0.375,0
0.0,0.23333333333333334,6.0,0.74959525725948,0.3433333333333334,0.21428571428571427,0.35714285714285715,0.0,0.4097038844317952,0.2,0.0,14.977737416622189,0.0,1.0,14.040863633155823,0.42857142857142855,1
0.0,0.23333333333333334,6.0,0.74959525725948,0.3433333333333334,0.21428571428571427,0.35714285714285715,0.0,0.4097038844317952,0.2,0.0,14.977737416622189,0.0,1.0,14.040863633155823,0.42857142857142855,1
0.03333333333333333,0.13333333333333333,4.0,0.0,0.3433333333333334,0.0,0.4,0.0,0.3009104497576916,0.13333333333333333,0.0,15.496276340547952,0.2,1.0,22.089983463287354,0.4,1
0.03333333333333333,0.13333333333333333,4.0,0.0,0.3433333333333334,0.0,0.4,0.0,0.3009104497576916,0.13333333333333333,0.0,15.496276340547952,0.2,1.0,22.089983463287354,0.4,1
0.03333333333333333,0.13333333333333333,4.0,0.0,0.3433333333333334,0.0,0.4,0.0,0.3009104497576916,0.13333333333333333,0.0,15.496276340547952,0.2,1.0,29.887563705444336,0.4,1
0.0,0.26666666666666666,4.0,0.0,0.36000000000000004,0.0,0.5384615384615384,0.0,0.44797436485642284,0.13333333333333333,0.0,13.589597900095658,0.0,1.0,29.830923080444336,0.3076923076923077,1
0.0,0.26666666666666666,4.0,0.0,0.36000000000000004,0.0,0.5384615384615384,0.0,0.44797436485642284,0.13333333333333333,0.0,13.589597900095658,0.0,1.0,29.023298025131226,0.3076923076923077,1
0.0,0.13333333333333333,2.0,0.0,1.0,0.0,0.5,0.0,0.42311943301257615,0.06666666666666667,0.0,65.85955864168399,0.0,2.0,28.769856452941895,0.25,1
0.0,0.13333333333333333,3.0,0.0,1.0,0.0,0.4444444444444444,0.0,0.42311943301257615,0.1,0.0,65.85955864168399,0.0,2.0,29.260621070861816,0.3333333333333333,1
2.033333333333333,0.06666666666666667,1.0,0.20062232431271465,0.0,0.96875,0.0,1.0,0.0,0.03333333333333333,0.7048782272311429,0.0,0.9682539682539683,0.0,14.505626916885376,0.015625,0
1.8666666666666667,0.06666666666666667,2.0,0.3323117488186807,0.0,0.95,0.0,1.0,0.0,0.06666666666666667,0.7627240802707589,0.0,0.9655172413793104,0.0,14.125610828399658,0.03333333333333333,0
1.3333333333333333,0.03333333333333333,1.0,0.15935006268563445,0.33999999999999997,0.9767441860465116,0.0,0.47808175734904196,0.0,0.03333333333333333,0.08037824675339009,0.0,0.975609756097561,1.0,29.622884035110474,0.023255813953488372,0
1.3333333333333333,0.03333333333333333,1.0,0.15935006268563445,0.33999999999999997,0.9767441860465116,0.0,0.47808175734904196,0.0,0.03333333333333333,0.08037824675339009,0.0,0.975609756097561,1.0,29.622884035110474,0.023255813953488372,0
0.0,0.23333333333333334,6.0,0.37123232664087563,0.3466666666666667,0.0,0.0,0.0,0.43210175637429316,0.2,0.0,16.819859983206932,0.0,1.0,29.42009925842285,0.42857142857142855,0
0.0,0.23333333333333334,6.0,0.37123232664087563,0.3466666666666667,0.0,0.0,0.0,0.43210175637429316,0.2,0.0,16.819859983206932,0.0,1.0,29.42009925842285,0.42857142857142855,0
0.0,0.23333333333333334,6.0,0.37123232664087563,0.3466666666666667,0.0,0.0,0.0,0.43210175637429316,0.2,0.0,16.819859983206932,0.0,1.0,29.42009925842285,0.42857142857142855,0
0.0,0.03333333333333333,0.0,0.0,1.0,1.0,0.0,0.0,0.0,0.0,0.0,0.0,0.0,3.0,23.628989934921265,0.0,0
0.0,0.03333333333333333,1.0,0.7219280948873623,1.0,0.8,0.0,0.0,0.0,0.03333333333333333,0.0,0.0,0.0,3.0,23.628989934921265,0.2,0
0.0,0.26666666666666666,2.0,0.0,1.0,1.0,0.0,0.0,0.4300690386504505,0.06666666666666667,0.0,11.050358691625286,0.0,2.0,27.674604177474976,0.16666666666666666,0
0.0,0.26666666666666666,3.0,0.39124356362925566,1.0,0.9230769230769231,0.0,0.0,0.4300690386504505,0.1,0.0,11.050358691625286,0.0,2.0,27.674604177474976,0.23076923076923078,0
0.0,0.23333333333333334,0.0,0.5032583347756457,1.0,0.8888888888888888,0.0,0.0,0.267514279328711,0.0,0.0,0.7627954105600784,0.0,2.0,20.01523494720459,0.0,0
0.0,0.23333333333333334,1.0,0.9219280948873623,1.0,0.8,0.0,0.0,0.267514279328711,0.03333333333333333,0.0,0.7627954105600784,0.0,2.0,20.01523494720459,0.1,0
3.3666666666666667,0.03333333333333333,0.0,0.0,0.0,1.0,0.0,0.4010207137786472,0.0,0.0,0.03997334810684522,0.0,0.9901960784313726,0.0,29.773209810256958,0.0,0
3.3333333333333335,0.03333333333333333,1.0,0.07949044238393407,0.0,0.9901960784313726,0.0,0.3865398669695506,0.0,0.03333333333333333,0.03498229355140315,0.0,0.9900990099009901,0.0,28.79677939414978,0.00980392156862745,0
0.06666666666666667,0.2,1.0,0.4689955935892812,0.3333333333333333,0.9,0.0,0.0,0.47106103924223536,0.03333333333333333,0.0,27.340553775799215,0.25,1.0,26.647618770599365,0.1,0
0.0,0.2,4.0,1.4854752972273344,0.0,0.5,0.0,0.0,0.19323319501952424,0.13333333333333333,0.0,0.4199783718330446,0.0,0.0,3.6493972142537436,0.4,0
0.0,0.2,5.0,1.5394847569315018,0.0,0.45454545454545453,0.0,0.0,0.19323319501952424,0.16666666666666666,0.0,0.4199783718330446,0.0,0.0,6.586015939712524,0.45454545454545453,0
0.0,0.03333333333333333,1.0,0.7219280948873623,1.0,0.8,0.0,0.0,0.0,0.03333333333333333,0.0,0.0,0.0,3.0,26.809722900390625,0.2,0
0.0,0.03333333333333333,2.0,1.2516291673878228,1.0,0.6666666666666666,0.0,0.0,0.0,0.06666666666666667,0.0,0.0,0.0,3.0,26.809722900390625,0.3333333333333333,0
0.0,0.03333333333333333,0.0,0.0,1.0,1.0,0.0,0.0,0.0,0.0,0.0,0.0,0.0,3.0,20.175946712493896,0.0,0
0.0,0.03333333333333333,1.0,0.7219280948873623,1.0,0.8,0.0,0.0,0.0,0.03333333333333333,0.0,0.0,0.0,3.0,20.175946712493896,0.2,0
0.0,0.16666666666666666,5.0,0.8812908992306927,0.0,0.3,0.0,0.0,0.08335639712991676,0.16666666666666666,0.0,0.1271364525305927,0.0,0.0,10.752951264381409,0.5,0
0.0,0.16666666666666666,5.0,0.8453509366224365,0.33666666666666667,0.2727272727272727,0.0,0.0,0.08335639712991676,0.16666666666666666,0.0,0.1271364525305927,0.0,1.0,15.527571082115173,0.45454545454545453,0
0.0,0.16666666666666666,5.0,0.8453509366224365,0.33666666666666667,0.2727272727272727,0.0,0.0,0.08335639712991676,0.16666666666666666,0.0,0.1271364525305927,0.0,1.0,15.527571082115173,0.45454545454545453,0
2.8333333333333335,0.03333333333333333,1.0,0.08970338978684994,0.33666666666666667,0.9886363636363636,0.0,0.42376838504058667,0.0,0.03333333333333333,0.036064822067103985,0.0,0.9883720930232558,1.0,29.559476613998413,0.011363636363636364,0
2.8333333333333335,0.03333333333333333,1.0,0.08970338978684994,0.33666666666666667,0.9886363636363636,0.0,0.42376838504058667,0.0,0.03333333333333333,0.036064822067103985,0.0,0.9883720930232558,1.0,29.559476613998413,0.011363636363636364,0
0.0,0.36666666666666664,0.0,0.0,0.0,1.0,0.0,0.0,0.18812592751649956,0.0,0.0,0.8292579376177338,0.0,0.0,24.202831029891968,0.0,0
0.0,0.36666666666666664,1.0,0.41381685030363374,0.0,0.9166666666666666,0.0,0.0,0.18812592751649956,0.03333333333333333,0.0,0.8292579376177338,0.0,0.0,24.202831029891968,0.08333333333333333,0
0.0,0.06666666666666667,1.0,0.9182958340544896,1.0,0.6666666666666666,0.0,0.0,0.0,0.03333333333333333,0.0,0.0,0.0,3.0,13.78618586063385,0.16666666666666666,0
0.0,0.06666666666666667,2.0,0.9852281360342516,1.0,0.5714285714285714,0.0,0.0,0.0,0.06666666666666667,0.0,0.0,0.0,3.0,28.112406492233276,0.2857142857142857,0
1.1666666666666667,0.03333333333333333,0.0,0.0,0.0,1.0,0.0,1.0,0.0,0.0,2.591373815333393,0.0,0.9722222222222222,0.0,29.940316677093506,0.0,0
1.0,0.03333333333333333,1.0,0.20062232431271465,0.0,0.96875,0.0,0.9642810542142027,0.0,0.03333333333333333,2.9766882517061566,0.0,0.967741935483871,0.0,28.594613075256348,0.03125,0
0.1,0.0,0.0,0.0,1.0,1.0,0.0,0.4430428925096436,0.0,0.0,0.052594628852048686,0.0,1.0,3.0,23.659982919692993,0.0,0
0.1,0.0,1.0,0.5916727785823275,1.0,0.8571428571428571,0.0,0.4430428925096436,0.0,0.03333333333333333,0.052594628852048686,0.0,1.0,3.0,23.659982919692993,0.14285714285714285,0
0.0,0.16666666666666666,3.0,0.9709505944546686,1.0,0.6,0.0,0.0,0.44161020498871173,0.1,0.0,24.219779100514252,0.0,2.0,21.31662893295288,0.3,0
0.0,0.3333333333333333,6.0,0.9709505944546686,1.0,0.6,0.0,0.0,1.0,0.2,0.0,98.19013058714401,0.0,4.0,21.31662893295288,0.3,0
0.0,0.3333333333333333,6.0,0.9709505944546686,1.0,0.6,0.0,0.0,1.0,0.2,0.0,98.19013058714401,0.0,4.0,21.31662893295288,0.3,0
0.0,0.03333333333333333,0.0,0.0,1.0,1.0,0.0,0.0,0.0,0.0,0.0,0.0,0.0,3.0,20.335774421691895,0.0,0
0.0,0.03333333333333333,1.0,0.7219280948873623,1.0,0.8,0.0,0.0,0.0,0.03333333333333333,0.0,0.0,0.0,3.0,20.335774421691895,0.2,0
0.0,0.13333333333333333,3.0,0.954434002924965,0.36000000000000004,0.625,0.0,0.0,0.34894194469486334,0.1,0.0,39.05091858064855,0.0,1.0,18.022547006607056,0.375,0
0.06666666666666667,0.13333333333333333,4.0,0.9940302114769565,0.36000000000000004,0.45454545454545453,0.0,0.0,0.34894194469486334,0.13333333333333333,0.0,39.05091858064855,0.3333333333333333,1.0,28.1485698223114,0.36363636363636365,0
0.06666666666666667,0.13333333333333333,4.0,0.9940302114769565,0.36000000000000004,0.45454545454545453,0.0,0.0,0.34894194469486334,0.13333333333333333,0.0,39.05091858064855,0.3333333333333333,1.0,28.1485698223114,0.36363636363636365,0
0.06666666666666667,0.13333333333333333,2.0,0.9864267287308424,0.35666666666666663,0.7777777777777778,0.0,0.0,0.39203664305766306,0.06666666666666667,0.0,43.73518486515244,0.3333333333333333,1.0,25.029210329055786,0.2222222222222222,0
0.06666666666666667,0.13333333333333333,3.0,1.1567796494470395,0.35666666666666663,0.7,0.0,0.0,0.39203664305766306,0.1,0.0,43.73518486515244,0.3333333333333333,1.0,25.683529257774353,0.3,0
0.23333333333333334,0.16666666666666666,2.0,0.0,0.33666666666666667,1.0,0.0,0.8966282302366637,0.0864837610897368,0.06666666666666667,60.073220516650544,0.5483186414093382,0.5833333333333334,1.0,29.482041120529175,0.13333333333333333,0
0.16666666666666666,0.2,4.0,0.5435644431995964,0.33666666666666667,0.875,0.0,0.38506567184695545,0.07722192131045189,0.13333333333333333,0.4776817740267205,0.4389651420132713,0.45454545454545453,1.0,13.60741651058197,0.25,0
0.6333333333333333,0.06666666666666667,0.0,0.0,1.0,1.0,0.0,0.9572558307045883,0.0,0.0,0.011115101431699683,0.0,0.9047619047619048,2.0,26.775447607040405,0.0,0
0.6333333333333333,0.06666666666666667,1.0,0.24988229283318544,1.0,0.9583333333333334,0.0,0.9572558307045883,0.0,0.03333333333333333,0.011115101431699683,0.0,0.9047619047619048,2.0,26.775447607040405,0.041666666666666664,0
1.7,0.06666666666666667,0.0,0.0,0.36000000000000004,1.0,0.0,0.37566368938840095,0.0,0.0,0.0520769419180656,0.0,0.9622641509433962,1.0,20.32069182395935,0.0,0
1.7,0.1,1.0,0.222284830685688,0.36000000000000004,0.9642857142857143,0.0,0.37566368938840095,0.329055953165555,0.03333333333333333,0.0520769419180656,56.57222867773777,0.9444444444444444,1.0,11.726541519165039,0.017857142857142856,0
0.0,0.2,1.0,0.8812908992306927,1.0,0.7,0.0,0.0,0.21388718801405002,0.03333333333333333,0.0,0.42886981405647473,0.0,3.0,13.704044699668884,0.1,0
0.0,0.2,1.0,0.8812908992306927,1.0,0.7,0.0,0.0,0.21388718801405002,0.03333333333333333,0.0,0.42886981405647473,0.0,3.0,13.704044699668884,0.1,0
0.0,0.1,0.0,0.0,1.0,1.0,0.0,0.0,0.296631036840062,0.0,0.0,2.7131990755663082,0.0,3.0,29.470259428024292,0.0,0
0.0,0.13333333333333333,1.0,0.863120568566631,1.0,0.7142857142857143,0.0,0.0,0.22939554905199325,0.03333333333333333,0.0,1.960496448009773,0.0,2.0,11.250670194625854,0.14285714285714285,0
1.4666666666666666,0.13333333333333333,1.0,0.14372616993938178,0.0,0.9795918367346939,0.0,0.9306496788269278,0.4486603384446025,0.03333333333333333,0.8363678956839283,36.027252554762164,0.9166666666666666,0.0,29.81872272491455,0.02040816326530612,0
0.0,0.1,2.0,0.863120568566631,0.6966666666666667,0.7142857142857143,0.0,0.0,0.38635752654333044,0.06666666666666667,0.0,34.9158898125104,0.0,2.0,11.080278277397156,0.2857142857142857,0
0.0,0.1,3.0,1.2987949406953985,0.6966666666666667,0.625,0.0,0.0,0.38635752654333044,0.1,0.0,34.9158898125104,0.0,2.0,11.080278277397156,0.375,0
0.0,0.1,0.0,0.0,1.0,1.0,0.0,0.0,0.04200078376760808,0.0,0.0,0.013529596880289319,0.0,3.0,27.1832594871521,0.0,0
0.0,0.1,1.0,0.5916727785823275,1.0,0.8571428571428571,0.0,0.0,0.04200078376760808,0.03333333333333333,0.0,0.013529596880289319,0.0,3.0,27.1832594871521,0.14285714285714285,0
0.0,0.06666666666666667,0.0,0.0,1.0,1.0,0.0,0.0,0.0,0.0,0.0,0.0,0.0,2.0,20.456238508224487,0.0,0
0.0,0.06666666666666667,1.0,0.7219280948873623,1.0,0.8,0.0,0.0,0.0,0.03333333333333333,0.0,0.0,0.0,2.0,20.456238508224487,0.2,0
3.5,0.06666666666666667,0.0,0.0,0.0,1.0,0.0,0.4051873449412108,0.0,0.0,0.036763911384708275,0.0,0.9813084112149533,0.0,29.958842992782593,0.0,0
2.6333333333333333,0.16666666666666666,1.0,0.27376916868294177,0.0,0.9529411764705882,0.0,0.39361461223783956,0.10630166946464421,0.03333333333333333,0.03920536626829006,0.12077761597235437,0.9404761904761905,0.0,14.676552534103394,0.011764705882352941,0
0.16666666666666666,0.13333333333333333,1.0,0.41381685030363374,1.0,0.9166666666666666,0.0,0.3977946174853311,0.16749084451415291,0.03333333333333333,0.5136363470903227,1.212234299707019,0.5555555555555556,2.0,27.95607590675354,0.08333333333333333,0
0.16666666666666666,0.13333333333333333,2.0,0.7732283485249176,1.0,0.8461538461538461,0.0,0.3977946174853311,0.16749084451415291,0.06666666666666667,0.5136363470903227,1.212234299707019,0.5555555555555556,2.0,27.95607590675354,0.15384615384615385,0
0.0,0.03333333333333333,1.0,0.7219280948873623,1.0,0.8,0.0,0.0,0.0,0.03333333333333333,0.0,0.0,0.0,3.0,26.717144012451172,0.2,0
0.0,0.03333333333333333,1.0,0.7219280948873623,1.0,0.8,0.0,0.0,0.0,0.03333333333333333,0.0,0.0,0.0,3.0,26.717144012451172,0.2,0
1.4,0.16666666666666666,3.0,0.14144054254182067,0.0,0.98,0.0,0.9616269983482114,0.23607888036564,0.1,0.866114865955055,2.009214224174894,0.8936170212765957,0.0,29.478991270065308,0.06,0
0.0,0.03333333333333333,1.0,0.7219280948873623,1.0,0.8,0.0,0.0,0.0,0.03333333333333333,0.0,0.0,0.0,3.0,20.748467922210693,0.2,0
0.0,0.03333333333333333,1.0,0.7219280948873623,1.0,0.8,0.0,0.0,0.0,0.03333333333333333,0.0,0.0,0.0,3.0,20.748467922210693,0.2,0
0.13333333333333333,0.4,2.0,0.8997437586982626,0.33666666666666667,0.6842105263157895,0.0,0.6105138543273747,0.5276311557493694,0.06666666666666667,10.929672173577364,7.287525058021156,0.25,1.0,24.63400936126709,0.10526315789473684,0
0.13333333333333333,0.4,2.0,0.8997437586982626,0.33666666666666667,0.6842105263157895,0.0,0.6105138543273747,0.5276311557493694,0.06666666666666667,10.929672173577364,7.287525058021156,0.25,1.0,24.63400936126709,0.10526315789473684,0
0.0,0.1,0.0,0.0,1.0,1.0,0.0,0.0,0.3288260245459344,0.0,0.0,73.90466842226493,0.0,3.0,29.362583875656128,0.0,0
0.0,0.1,1.0,0.6500224216483541,1.0,0.8333333333333334,0.0,0.0,0.3288260245459344,0.03333333333333333,0.0,73.90466842226493,0.0,2.0,26.1438627243042,0.16666666666666666,0
0.0,0.13333333333333333,3.0,0.9910760598382222,1.0,0.4444444444444444,0.0,0.0,0.4954099623645944,0.1,0.0,39.45054279413489,0.0,2.0,18.09418773651123,0.3333333333333333,0
0.0,0.13333333333333333,3.0,0.9910760598382222,1.0,0.4444444444444444,0.0,0.0,0.4954099623645944,0.1,0.0,39.45054279413489,0.0,2.0,18.09418773651123,0.3333333333333333,0
0.0,0.13333333333333333,3.0,0.9910760598382222,1.0,0.4444444444444444,0.0,0.0,0.4954099623645944,0.1,0.0,39.45054279413489,0.0,2.0,18.09418773651123,0.3333333333333333,0
0.0,0.16666666666666666,3.0,0.9709505944546686,1.0,0.4,0.0,0.0,0.4201852326649206,0.1,0.0,29.646689160643916,0.0,2.0,21.54372537136078,0.3,0
0.0,0.16666666666666666,2.0,0.8112781244591328,0.35666666666666663,0.25,0.0,0.0,0.2769816688161571,0.06666666666666667,0.0,4.59353891332438,0.0,1.0,10.389227628707886,0.25,0
0.0,0.16666666666666666,2.0,0.8112781244591328,0.35666666666666663,0.25,0.0,0.0,0.2769816688161571,0.06666666666666667,0.0,4.59353891332438,0.0,1.0,10.389227628707886,0.25,0
2.5,0.13333333333333333,3.0,0.3207683390885857,0.0,0.9512195121951219,0.0,0.3870090426098149,0.590532366782668,0.1,0.032515641544878966,81.10477230065526,0.9493670886075949,0.0,21.535736560821533,0.036585365853658534,0
2.5,0.13333333333333333,4.0,0.3868917135948905,0.0,0.9397590361445783,0.0,0.3870090426098149,0.590532366782668,0.13333333333333333,0.032515641544878966,81.10477230065526,0.9493670886075949,0.0,22.352330764134724,0.04819277108433735,0
0.6666666666666666,0.2,6.0,0.9466860869123461,0.0,0.78125,0.0,0.3361521950257752,0.29536572108922954,0.2,0.02228535794260773,7.663331235701594,0.7692307692307693,0.0,23.381782452265423,0.1875,0
0.3333333333333333,0.23333333333333334,7.0,1.188721875540867,0.0,0.6666666666666666,0.0,0.3729721978113548,0.3417505406894624,0.23333333333333334,0.03789619557815451,7.953920793009805,0.5882352941176471,0.0,23.88609528541565,0.2916666666666667,0
0.0,0.2,6.0,1.5545851693377997,0.0,0.4166666666666667,0.0,0.0,0.3142742459704072,0.2,0.0,13.971724349179672,0.0,0.0,22.400759140650432,0.5,0
0.0,0.16666666666666666,6.0,1.5726236638951638,0.0,0.36363636363636365,0.0,0.0,0.352693983741698,0.2,0.0,11.913313671118061,0.0,0.0,18.02494756380717,0.5454545454545454,0
0.0,0.06666666666666667,0.0,0.0,1.0,1.0,0.0,0.0,0.0,0.0,0.0,0.0,0.0,3.0,28.37768793106079,0.0,0
0.0,0.1,1.0,0.9182958340544896,1.0,0.6666666666666666,0.0,0.0,0.3936071297167406,0.03333333333333333,0.0,89.15496871904685,0.0,2.0,11.670437812805176,0.16666666666666666,0
1.2666666666666666,0.3,6.0,0.7533347247815687,0.67,0.8518518518518519,0.0,0.8860794739553408,0.3197623336170577,0.2,0.005549596334533283,3.267227603411552,0.8085106382978723,1.0,17.634006023406982,0.1111111111111111,0
0.0,0.13333333333333333,4.0,1.657742726504889,0.35666666666666663,0.2222222222222222,0.3333333333333333,0.0,0.31861723296958994,0.13333333333333333,0.0,37.67823841298561,0.0,1.0,14.066164016723633,0.4444444444444444,1
0.0,0.13333333333333333,4.0,1.657742726504889,0.35666666666666663,0.2222222222222222,0.3333333333333333,0.0,0.31861723296958994,0.13333333333333333,0.0,37.67823841298561,0.0,1.0,14.066164016723633,0.4444444444444444,1
0.0,0.26666666666666666,4.0,0.0,0.0,0.0,0.5,0.0,0.3699882333833095,0.13333333333333333,0.0,9.546636983880889,0.0,0.0,29.2284197807312,0.3333333333333333,1
0.0,0.23333333333333334,5.0,0.0,0.0,0.0,0.4166666666666667,0.0,0.3519486527232756,0.16666666666666666,0.0,10.210210934504323,0.0,0.0,28.06294345855713,0.4166666666666667,1
0.0,0.2,7.0,0.9912642605354289,0.0,0.15384615384615385,0.46153846153846156,0.0,0.24775336099499903,0.23333333333333334,0.0,6.620596441931616,0.0,0.0,14.984830498695374,0.5384615384615384,1
0.0,0.2,7.0,0.9912642605354289,0.0,0.15384615384615385,0.46153846153846156,0.0,0.24775336099499903,0.23333333333333334,0.0,6.620596441931616,0.0,0.0,14.984830498695374,0.5384615384615384,1
0.0,0.2,5.0,1.0957952550009336,0.0,0.18181818181818182,0.36363636363636365,0.0,0.2501337097396063,0.16666666666666666,0.0,6.59073193646533,0.0,0.0,13.16501009464264,0.45454545454545453,1
0.0,0.26666666666666666,6.0,0.9463729359854419,0.0,0.14285714285714285,0.42857142857142855,0.0,0.19340900170269662,0.2,0.0,1.991512455360674,0.0,0.0,13.104543447494507,0.42857142857142855,1
0.0,0.26666666666666666,7.0,0.9055872616982603,0.0,0.13333333333333333,0.4,0.0,0.19340900170269662,0.23333333333333334,0.0,1.991512455360674,0.0,0.0,13.372714757919312,0.4666666666666667,1
0.0,0.26666666666666666,7.0,0.9055872616982603,0.0,0.13333333333333333,0.4,0.0,0.19340900170269662,0.23333333333333334,0.0,1.991512455360674,0.0,0.0,13.372714757919312,0.4666666666666667,1
